PROT_0001	a1bg
PROT_0002	aamdc
PROT_0003	aarsd1
PROT_0004	abca2
PROT_0005	abhd14b
PROT_0006	abl1
PROT_0007	abo
PROT_0008	abraxas2
PROT_0009	acaa1
PROT_0010	acadm
PROT_0011	acadsb
PROT_0012	acan
PROT_0013	ace
PROT_0014	ace2
PROT_0015	ache
PROT_0016	acot13
PROT_0017	acox1
PROT_0018	acp1
PROT_0019	acp5
PROT_0020	acp6
PROT_0021	acrbp
PROT_0022	acrv1
PROT_0023	acsl1
PROT_0024	acta2
PROT_0025	actn2
PROT_0026	actn4
PROT_0027	acvrl1
PROT_0028	acy1
PROT_0029	acy3
PROT_0030	acyp1
PROT_0031	ada
PROT_0032	ada2
PROT_0033	adam12
PROT_0034	adam15
PROT_0035	adam22
PROT_0036	adam23
PROT_0037	adam8
PROT_0038	adam9
PROT_0039	adamts1
PROT_0040	adamts13
PROT_0041	adamts15
PROT_0042	adamts16
PROT_0043	adamts4
PROT_0044	adamts8
PROT_0045	adamtsl2
PROT_0046	adamtsl4
PROT_0047	adamtsl5
PROT_0048	adcyap1r1
PROT_0049	add1
PROT_0050	adgrb3
PROT_0051	adgrd1
PROT_0052	adgre1
PROT_0053	adgre2
PROT_0054	adgre5
PROT_0055	adgrf5
PROT_0056	adgrg1
PROT_0057	adgrg2
PROT_0058	adgrv1
PROT_0059	adh1b
PROT_0060	adh4
PROT_0061	adipoq
PROT_0062	adm
PROT_0063	adra2a
PROT_0064	afap1
PROT_0065	afm
PROT_0066	afp
PROT_0067	agbl2
PROT_0068	ager
PROT_0069	agr2
PROT_0070	agr3
PROT_0071	agrn
PROT_0072	agrp
PROT_0073	agt
PROT_0074	agxt
PROT_0075	ahcy
PROT_0076	ahnak
PROT_0077	ahnak2
PROT_0078	ahsa1
PROT_0079	ahsg
PROT_0080	ahsp
PROT_0081	aida
PROT_0082	aif1
PROT_0083	aif1l
PROT_0084	aifm1
PROT_0085	ak1
PROT_0086	ak2
PROT_0087	akap12
PROT_0088	akr1b1
PROT_0089	akr1b10
PROT_0090	akr1c4
PROT_0091	akr7l
PROT_0092	akt1s1
PROT_0093	akt2
PROT_0094	akt3
PROT_0095	alcam
PROT_0096	aldh1a1
PROT_0097	aldh2
PROT_0098	aldh3a1
PROT_0099	aldh5a1
PROT_0100	alms1
PROT_0101	alpi
PROT_0102	alpp
PROT_0103	ambn
PROT_0104	ambp
PROT_0105	amdhd2
PROT_0106	amfr
PROT_0107	amigo1
PROT_0108	amigo2
PROT_0109	amn
PROT_0110	amot
PROT_0111	amotl2
PROT_0112	ampd3
PROT_0113	amy1a_amy1b_amy1c
PROT_0114	amy2a
PROT_0115	amy2b
PROT_0116	ang
PROT_0117	angpt1
PROT_0118	angpt2
PROT_0119	angptl1
PROT_0120	angptl2
PROT_0121	angptl3
PROT_0122	angptl4
PROT_0123	angptl7
PROT_0124	ank2
PROT_0125	ankmy2
PROT_0126	ankra2
PROT_0127	ankrd54
PROT_0128	anp32c
PROT_0129	anpep
PROT_0130	anxa1
PROT_0131	anxa10
PROT_0132	anxa11
PROT_0133	anxa2
PROT_0134	anxa3
PROT_0135	anxa4
PROT_0136	anxa5
PROT_0137	aoc1
PROT_0138	aoc3
PROT_0139	ap1g2
PROT_0140	ap2b1
PROT_0141	ap3b1
PROT_0142	ap3s2
PROT_0143	apbb1ip
PROT_0144	apcs
PROT_0145	apex1
PROT_0146	aplp1
PROT_0147	apoa1
PROT_0148	apoa2
PROT_0149	apoa4
PROT_0150	apob
PROT_0151	apobr
PROT_0152	apoc1
PROT_0153	apod
PROT_0154	apoe
PROT_0155	apof
PROT_0156	apoh
PROT_0157	apol1
PROT_0158	apom
PROT_0159	app
PROT_0160	appl2
PROT_0161	aprt
PROT_0162	araf
PROT_0163	areg
PROT_0164	arf6
PROT_0165	arfip1
PROT_0166	arg1
PROT_0167	arg2
PROT_0168	arhgap1
PROT_0169	arhgap25
PROT_0170	arhgap30
PROT_0171	arhgap45
PROT_0172	arhgap5
PROT_0173	arhgef1
PROT_0174	arhgef10
PROT_0175	arhgef12
PROT_0176	arhgef5
PROT_0177	arid3a
PROT_0178	arid4b
PROT_0179	arl13b
PROT_0180	arl2bp
PROT_0181	armcx2
PROT_0182	arnt
PROT_0183	arntl
PROT_0184	arsa
PROT_0185	arsb
PROT_0186	art3
PROT_0187	art5
PROT_0188	artn
PROT_0189	asah1
PROT_0190	asah2
PROT_0191	asgr1
PROT_0192	asgr2
PROT_0193	aspn
PROT_0194	aspscr1
PROT_0195	asrgl1
PROT_0196	ass1
PROT_0197	atf2
PROT_0198	atf4
PROT_0199	atg16l1
PROT_0200	atg4a
PROT_0201	atox1
PROT_0202	atp1b1
PROT_0203	atp1b2
PROT_0204	atp1b3
PROT_0205	atp1b4
PROT_0206	atp2b4
PROT_0207	atp5f1d
PROT_0208	atp5if1
PROT_0209	atp5po
PROT_0210	atp6ap2
PROT_0211	atp6v1d
PROT_0212	atp6v1f
PROT_0213	atp6v1g1
PROT_0214	atp6v1g2
PROT_0215	atraid
PROT_0216	atrn
PROT_0217	atxn10
PROT_0218	atxn2
PROT_0219	atxn2l
PROT_0220	atxn3
PROT_0221	axin1
PROT_0222	axl
PROT_0223	azi2
PROT_0224	azu1
PROT_0225	b2m
PROT_0226	b3gat3
PROT_0227	b3gnt7
PROT_0228	b4galt1
PROT_0229	b4gat1
PROT_0230	babam1
PROT_0231	bach1
PROT_0232	bag3
PROT_0233	bag4
PROT_0234	bag6
PROT_0235	baiap2
PROT_0236	bambi
PROT_0237	bank1
PROT_0238	bap18
PROT_0239	batf
PROT_0240	bax
PROT_0241	bcam
PROT_0242	bcan
PROT_0243	bcat1
PROT_0244	bcat2
PROT_0245	bche
PROT_0246	bcl2
PROT_0247	bcl2l1
PROT_0248	bcl2l11
PROT_0249	bcl2l15
PROT_0250	bcl7a
PROT_0251	bcl7b
PROT_0252	bcr
PROT_0253	bdnf
PROT_0254	becn1
PROT_0255	bex3
PROT_0256	bglap
PROT_0257	bgn
PROT_0258	bhlhe40
PROT_0259	bhmt2
PROT_0260	bid
PROT_0261	bin2
PROT_0262	birc2
PROT_0263	blmh
PROT_0264	blnk
PROT_0265	bloc1s2
PROT_0266	bloc1s3
PROT_0267	blvrb
PROT_0268	bmp10
PROT_0269	bmp4
PROT_0270	bmp6
PROT_0271	bmper
PROT_0272	bnip2
PROT_0273	bnip3l
PROT_0274	boc
PROT_0275	bola1
PROT_0276	bola2_bola2b
PROT_0277	bpifa2
PROT_0278	bpifb1
PROT_0279	bpifb2
PROT_0280	brap
PROT_0281	brd1
PROT_0282	brd2
PROT_0283	brd3
PROT_0284	brdt
PROT_0285	brk1
PROT_0286	brme1
PROT_0287	brsk2
PROT_0288	bsg
PROT_0289	bsnd
PROT_0290	bst1
PROT_0291	bst2
PROT_0292	btc
PROT_0293	btd
PROT_0294	btla
PROT_0295	btn1a1
PROT_0296	btn2a1
PROT_0297	btn3a2
PROT_0298	btnl10
PROT_0299	c19orf12
PROT_0300	c1galt1c1
PROT_0301	c1qa
PROT_0302	c1qbp
PROT_0303	c1ql2
PROT_0304	c1qtnf1
PROT_0305	c1qtnf5
PROT_0306	c1qtnf6
PROT_0307	c1qtnf9
PROT_0308	c1r
PROT_0309	c1rl
PROT_0310	c1s
PROT_0311	c2
PROT_0312	c2cd2l
PROT_0313	c2orf69
PROT_0314	c3
PROT_0315	c4bpb
PROT_0316	c5
PROT_0317	c7
PROT_0318	c7orf50
PROT_0319	c8b
PROT_0320	c9
PROT_0321	c9orf40
PROT_0322	ca1
PROT_0323	ca11
PROT_0324	ca12
PROT_0325	ca13
PROT_0326	ca14
PROT_0327	ca2
PROT_0328	ca3
PROT_0329	ca4
PROT_0330	ca5a
PROT_0331	ca6
PROT_0332	ca7
PROT_0333	ca8
PROT_0334	ca9
PROT_0335	cabp2
PROT_0336	cacna1c
PROT_0337	cacna1h
PROT_0338	cacnb1
PROT_0339	cacnb3
PROT_0340	cacybp
PROT_0341	cadps
PROT_0342	calb1
PROT_0343	calb2
PROT_0344	calca
PROT_0345	calcb
PROT_0346	calcoco1
PROT_0347	calcoco2
PROT_0348	caly
PROT_0349	camkk1
PROT_0350	camlg
PROT_0351	camsap1
PROT_0352	cant1
PROT_0353	capg
PROT_0354	capn3
PROT_0355	caps
PROT_0356	carhsp1
PROT_0357	casc3
PROT_0358	casp1
PROT_0359	casp10
PROT_0360	casp2
PROT_0361	casp3
PROT_0362	casp4
PROT_0363	casp7
PROT_0364	casp8
PROT_0365	casp9
PROT_0366	casq2
PROT_0367	cat
PROT_0368	cblif
PROT_0369	cbln1
PROT_0370	cbln4
PROT_0371	cbs
PROT_0372	cbx2
PROT_0373	cc2d1a
PROT_0374	ccar2
PROT_0375	ccdc134
PROT_0376	ccdc28a
PROT_0377	ccdc50
PROT_0378	ccdc80
PROT_0379	ccer2
PROT_0380	ccl11
PROT_0381	ccl13
PROT_0382	ccl14
PROT_0383	ccl15
PROT_0384	ccl16
PROT_0385	ccl17
PROT_0386	ccl18
PROT_0387	ccl19
PROT_0388	ccl2
PROT_0389	ccl20
PROT_0390	ccl21
PROT_0391	ccl22
PROT_0392	ccl23
PROT_0393	ccl24
PROT_0394	ccl25
PROT_0395	ccl26
PROT_0396	ccl27
PROT_0397	ccl28
PROT_0398	ccl3
PROT_0399	ccl4
PROT_0400	ccl5
PROT_0401	ccl7
PROT_0402	ccl8
PROT_0403	ccn1
PROT_0404	ccn2
PROT_0405	ccn3
PROT_0406	ccn4
PROT_0407	ccn5
PROT_0408	ccnd2
PROT_0409	ccne1
PROT_0410	ccs
PROT_0411	cct5
PROT_0412	cd101
PROT_0413	cd109
PROT_0414	cd14
PROT_0415	cd160
PROT_0416	cd163
PROT_0417	cd164
PROT_0418	cd164l2
PROT_0419	cd177
PROT_0420	cd1c
PROT_0421	cd2
PROT_0422	cd200
PROT_0423	cd200r1
PROT_0424	cd207
PROT_0425	cd209
PROT_0426	cd22
PROT_0427	cd226
PROT_0428	cd244
PROT_0429	cd248
PROT_0430	cd27
PROT_0431	cd274
PROT_0432	cd276
PROT_0433	cd28
PROT_0434	cd2ap
PROT_0435	cd300a
PROT_0436	cd300c
PROT_0437	cd300e
PROT_0438	cd300lf
PROT_0439	cd300lg
PROT_0440	cd302
PROT_0441	cd33
PROT_0442	cd34
PROT_0443	cd36
PROT_0444	cd38
PROT_0445	cd3d
PROT_0446	cd3e
PROT_0447	cd3g
PROT_0448	cd4
PROT_0449	cd40
PROT_0450	cd40lg
PROT_0451	cd46
PROT_0452	cd48
PROT_0453	cd5
PROT_0454	cd55
PROT_0455	cd58
PROT_0456	cd59
PROT_0457	cd5l
PROT_0458	cd6
PROT_0459	cd63
PROT_0460	cd69
PROT_0461	cd7
PROT_0462	cd70
PROT_0463	cd72
PROT_0464	cd74
PROT_0465	cd79b
PROT_0466	cd80
PROT_0467	cd82
PROT_0468	cd83
PROT_0469	cd84
PROT_0470	cd86
PROT_0471	cd8a
PROT_0472	cd93
PROT_0473	cd99
PROT_0474	cd99l2
PROT_0475	cda
PROT_0476	cdan1
PROT_0477	cdc123
PROT_0478	cdc25a
PROT_0479	cdc26
PROT_0480	cdc27
PROT_0481	cdc37
PROT_0482	cdc42bpb
PROT_0483	cdcp1
PROT_0484	cdh1
PROT_0485	cdh15
PROT_0486	cdh17
PROT_0487	cdh2
PROT_0488	cdh22
PROT_0489	cdh23
PROT_0490	cdh3
PROT_0491	cdh4
PROT_0492	cdh5
PROT_0493	cdh6
PROT_0494	cdhr1
PROT_0495	cdhr2
PROT_0496	cdhr5
PROT_0497	cdk1
PROT_0498	cdk5rap3
PROT_0499	cdkl5
PROT_0500	cdkn1a
PROT_0501	cdkn2d
PROT_0502	cdnf
PROT_0503	cdon
PROT_0504	cdsn
PROT_0505	ceacam1
PROT_0506	ceacam16
PROT_0507	ceacam18
PROT_0508	ceacam19
PROT_0509	ceacam20
PROT_0510	ceacam21
PROT_0511	ceacam3
PROT_0512	ceacam5
PROT_0513	ceacam6
PROT_0514	ceacam8
PROT_0515	cebpa
PROT_0516	cebpb
PROT_0517	cela2a
PROT_0518	cela3a
PROT_0519	celsr2
PROT_0520	cemip2
PROT_0521	cend1
PROT_0522	cenpf
PROT_0523	cenpj
PROT_0524	cep112
PROT_0525	cep152
PROT_0526	cep164
PROT_0527	cep170
PROT_0528	cep20
PROT_0529	cep290
PROT_0530	cep350
PROT_0531	cep43
PROT_0532	cep85
PROT_0533	cert
PROT_0534	ces1
PROT_0535	ces2
PROT_0536	ces3
PROT_0537	cetn2
PROT_0538	cetn3
PROT_0539	cfb
PROT_0540	cfc1
PROT_0541	cfd
PROT_0542	cfh
PROT_0543	cfhr2
PROT_0544	cfhr4
PROT_0545	cfhr5
PROT_0546	cfi
PROT_0547	cfp
PROT_0548	cga
PROT_0549	cgb3_cgb5_cgb8
PROT_0550	cgn
PROT_0551	cgref1
PROT_0552	chac2
PROT_0553	chad
PROT_0554	chchd10
PROT_0555	chchd6
PROT_0556	chek2
PROT_0557	chga
PROT_0558	chgb
PROT_0559	chi3l1
PROT_0560	chit1
PROT_0561	chl1
PROT_0562	chm
PROT_0563	chmp1a
PROT_0564	chmp6
PROT_0565	chp1
PROT_0566	chrdl1
PROT_0567	chrdl2
PROT_0568	chrm1
PROT_0569	ciapin1
PROT_0570	cilp
PROT_0571	cinp
PROT_0572	cirbp
PROT_0573	cit
PROT_0574	ckap4
PROT_0575	ckb
PROT_0576	ckmt1a_ckmt1b
PROT_0577	clasp1
PROT_0578	clc
PROT_0579	clec10a
PROT_0580	clec11a
PROT_0581	clec12a
PROT_0582	clec14a
PROT_0583	clec1a
PROT_0584	clec1b
PROT_0585	clec2l
PROT_0586	clec3b
PROT_0587	clec4a
PROT_0588	clec4c
PROT_0589	clec4d
PROT_0590	clec4g
PROT_0591	clec4m
PROT_0592	clec5a
PROT_0593	clec6a
PROT_0594	clec7a
PROT_0595	clgn
PROT_0596	clic5
PROT_0597	clint1
PROT_0598	clip2
PROT_0599	clmp
PROT_0600	clns1a
PROT_0601	clpp
PROT_0602	clps
PROT_0603	clspn
PROT_0604	clstn1
PROT_0605	clstn2
PROT_0606	clstn3
PROT_0607	clta
PROT_0608	clu
PROT_0609	clul1
PROT_0610	cmc1
PROT_0611	cmip
PROT_0612	cndp1
PROT_0613	cngb3
PROT_0614	cnp
PROT_0615	cnpy2
PROT_0616	cnpy4
PROT_0617	cnst
PROT_0618	cntf
PROT_0619	cntn1
PROT_0620	cntn2
PROT_0621	cntn3
PROT_0622	cntn4
PROT_0623	cntn5
PROT_0624	cntnap2
PROT_0625	cntnap4
PROT_0626	coch
PROT_0627	col15a1
PROT_0628	col18a1
PROT_0629	col1a1
PROT_0630	col24a1
PROT_0631	col28a1
PROT_0632	col2a1
PROT_0633	col3a1
PROT_0634	col4a1
PROT_0635	col4a4
PROT_0636	col5a1
PROT_0637	col6a3
PROT_0638	col9a1
PROT_0639	col9a2
PROT_0640	colec12
PROT_0641	commd1
PROT_0642	commd9
PROT_0643	comp
PROT_0644	comt
PROT_0645	copb2
PROT_0646	cope
PROT_0647	coq7
PROT_0648	coro1a
PROT_0649	coro6
PROT_0650	cox5b
PROT_0651	cox6b1
PROT_0652	cpa1
PROT_0653	cpa2
PROT_0654	cpa4
PROT_0655	cpb1
PROT_0656	cpb2
PROT_0657	cpe
PROT_0658	cplx2
PROT_0659	cpm
PROT_0660	cpox
PROT_0661	cpped1
PROT_0662	cpq
PROT_0663	cptp
PROT_0664	cpvl
PROT_0665	cpxm1
PROT_0666	cpxm2
PROT_0667	cr1
PROT_0668	cr2
PROT_0669	cracr2a
PROT_0670	cradd
PROT_0671	creb3
PROT_0672	crebzf
PROT_0673	creg1
PROT_0674	creld1
PROT_0675	creld2
PROT_0676	crh
PROT_0677	crhbp
PROT_0678	crhr1
PROT_0679	crim1
PROT_0680	crip2
PROT_0681	crisp2
PROT_0682	crisp3
PROT_0683	crkl
PROT_0684	crlf1
PROT_0685	crnn
PROT_0686	crtac1
PROT_0687	crtam
PROT_0688	crtap
PROT_0689	crx
PROT_0690	crybb1
PROT_0691	crybb2
PROT_0692	crygd
PROT_0693	crym
PROT_0694	cryzl1
PROT_0695	csde1
PROT_0696	csf1
PROT_0697	csf1r
PROT_0698	csf2
PROT_0699	csf2ra
PROT_0700	csf2rb
PROT_0701	csf3
PROT_0702	csf3r
PROT_0703	csh1
PROT_0704	csnk1d
PROT_0705	csnk2a1
PROT_0706	cspg4
PROT_0707	cspg5
PROT_0708	csrp3
PROT_0709	cst1
PROT_0710	cst3
PROT_0711	cst5
PROT_0712	cst6
PROT_0713	cst7
PROT_0714	cstb
PROT_0715	ctag1a_ctag1b
PROT_0716	ctbs
PROT_0717	ctf1
PROT_0718	cthrc1
PROT_0719	ctla4
PROT_0720	ctnna1
PROT_0721	ctrb1
PROT_0722	ctrc
PROT_0723	ctrl
PROT_0724	ctsb
PROT_0725	ctsc
PROT_0726	ctsd
PROT_0727	ctse
PROT_0728	ctsf
PROT_0729	ctsh
PROT_0730	ctsl
PROT_0731	ctso
PROT_0732	ctsv
PROT_0733	ctsz
PROT_0734	cuzd1
PROT_0735	cwc15
PROT_0736	cx3cl1
PROT_0737	cxadr
PROT_0738	cxcl1
PROT_0739	cxcl10
PROT_0740	cxcl11
PROT_0741	cxcl12
PROT_0742	cxcl13
PROT_0743	cxcl14
PROT_0744	cxcl16
PROT_0745	cxcl17
PROT_0746	cxcl3
PROT_0747	cxcl5
PROT_0748	cxcl6
PROT_0749	cxcl8
PROT_0750	cxcl9
PROT_0751	cyb5a
PROT_0752	cyb5r2
PROT_0753	cyp24a1
PROT_0754	cyth3
PROT_0755	cytl1
PROT_0756	daam1
PROT_0757	dab2
PROT_0758	dag1
PROT_0759	dand5
PROT_0760	dapk2
PROT_0761	dapp1
PROT_0762	dars1
PROT_0763	dbh
PROT_0764	dbi
PROT_0765	dbn1
PROT_0766	dbnl
PROT_0767	dcbld2
PROT_0768	dcc
PROT_0769	dcdc2c
PROT_0770	dclre1c
PROT_0771	dcn
PROT_0772	dctd
PROT_0773	dctn1
PROT_0774	dctn2
PROT_0775	dctn6
PROT_0776	dctpp1
PROT_0777	dcun1d1
PROT_0778	dcun1d2
PROT_0779	dcxr
PROT_0780	dda1
PROT_0781	ddah1
PROT_0782	ddc
PROT_0783	ddhd2
PROT_0784	ddi2
PROT_0785	ddr1
PROT_0786	ddt
PROT_0787	ddx1
PROT_0788	ddx25
PROT_0789	ddx39a
PROT_0790	ddx4
PROT_0791	ddx53
PROT_0792	ddx58
PROT_0793	decr1
PROT_0794	defa1_defa1b
PROT_0795	defb103a_defb103b
PROT_0796	defb104a_defb104b
PROT_0797	defb116
PROT_0798	defb118
PROT_0799	defb4a_defb4b
PROT_0800	dennd2b
PROT_0801	denr
PROT_0802	dffa
PROT_0803	dgcr6
PROT_0804	dgka
PROT_0805	dgkz
PROT_0806	dhodh
PROT_0807	dhps
PROT_0808	dhrs4l2
PROT_0809	diablo
PROT_0810	dipk1c
PROT_0811	dipk2b
PROT_0812	dkk1
PROT_0813	dkk3
PROT_0814	dkk4
PROT_0815	dkkl1
PROT_0816	dlg4
PROT_0817	dlgap5
PROT_0818	dlk1
PROT_0819	dll1
PROT_0820	dll4
PROT_0821	dmd
PROT_0822	dmp1
PROT_0823	dnaja1
PROT_0824	dnaja2
PROT_0825	dnaja4
PROT_0826	dnajb1
PROT_0827	dnajb14
PROT_0828	dnajb2
PROT_0829	dnajb6
PROT_0830	dnajb8
PROT_0831	dnajc21
PROT_0832	dnajc6
PROT_0833	dnajc9
PROT_0834	dner
PROT_0835	dnlz
PROT_0836	dnm1
PROT_0837	dnm3
PROT_0838	dnmbp
PROT_0839	dnpep
PROT_0840	dnph1
PROT_0841	doc2b
PROT_0842	dock9
PROT_0843	dok1
PROT_0844	dok2
PROT_0845	dpep1
PROT_0846	dpep2
PROT_0847	dpp10
PROT_0848	dpp4
PROT_0849	dpp6
PROT_0850	dpp7
PROT_0851	dpt
PROT_0852	dpy30
PROT_0853	draxin
PROT_0854	drg2
PROT_0855	dsc2
PROT_0856	dscam
PROT_0857	dsg2
PROT_0858	dsg3
PROT_0859	dsg4
PROT_0860	dtd1
PROT_0861	dtnb
PROT_0862	dtx2
PROT_0863	dtx3
PROT_0864	dtymk
PROT_0865	duox2
PROT_0866	dusp13
PROT_0867	dusp29
PROT_0868	dusp3
PROT_0869	dut
PROT_0870	dxo
PROT_0871	dync1h1
PROT_0872	dynlt1
PROT_0873	dynlt3
PROT_0874	ebag9
PROT_0875	ebi3_il27
PROT_0876	ece1
PROT_0877	echdc3
PROT_0878	echs1
PROT_0879	eci2
PROT_0880	ecm1
PROT_0881	ecscr
PROT_0882	eda2r
PROT_0883	edar
PROT_0884	eddm3b
PROT_0885	edem2
PROT_0886	edf1
PROT_0887	edil3
PROT_0888	edn1
PROT_0889	ednrb
PROT_0890	eef1d
PROT_0891	efcab14
PROT_0892	efcab2
PROT_0893	efemp1
PROT_0894	efhd1
PROT_0895	efna1
PROT_0896	efna4
PROT_0897	efnb2
PROT_0898	egf
PROT_0899	egfl7
PROT_0900	egflam
PROT_0901	egfr
PROT_0902	egln1
PROT_0903	ehbp1
PROT_0904	ehd3
PROT_0905	eif1ax
PROT_0906	eif2ak2
PROT_0907	eif2ak3
PROT_0908	eif2s2
PROT_0909	eif4b
PROT_0910	eif4e
PROT_0911	eif4ebp1
PROT_0912	eif4g1
PROT_0913	eif4g3
PROT_0914	eif5
PROT_0915	eif5a
PROT_0916	elac1
PROT_0917	elavl4
PROT_0918	eln
PROT_0919	eloa
PROT_0920	elob
PROT_0921	enah
PROT_0922	endou
PROT_0923	eng
PROT_0924	eno1
PROT_0925	eno2
PROT_0926	eno3
PROT_0927	enoph1
PROT_0928	enox2
PROT_0929	enpep
PROT_0930	enpp2
PROT_0931	enpp5
PROT_0932	enpp6
PROT_0933	enpp7
PROT_0934	ensa
PROT_0935	entpd2
PROT_0936	entpd5
PROT_0937	entpd6
PROT_0938	entr1
PROT_0939	ep300
PROT_0940	epb41l5
PROT_0941	epcam
PROT_0942	epgn
PROT_0943	epha1
PROT_0944	epha10
PROT_0945	epha2
PROT_0946	epha4
PROT_0947	ephb4
PROT_0948	ephb6
PROT_0949	ephx2
PROT_0950	epn1
PROT_0951	epo
PROT_0952	eppk1
PROT_0953	eps8l2
PROT_0954	erbb2
PROT_0955	erbb3
PROT_0956	erbb4
PROT_0957	erbin
PROT_0958	erc2
PROT_0959	ercc1
PROT_0960	ereg
PROT_0961	eri1
PROT_0962	ermap
PROT_0963	ern1
PROT_0964	erp29
PROT_0965	erp44
PROT_0966	ervv_1
PROT_0967	esam
PROT_0968	esm1
PROT_0969	espl1
PROT_0970	esr1
PROT_0971	esyt2
PROT_0972	evi2b
PROT_0973	evi5
PROT_0974	evpl
PROT_0975	exosc10
PROT_0976	extl1
PROT_0977	ezr
PROT_0978	f10
PROT_0979	f11
PROT_0980	f11r
PROT_0981	f12
PROT_0982	f13b
PROT_0983	f2
PROT_0984	f2r
PROT_0985	f3
PROT_0986	f7
PROT_0987	f9
PROT_0988	fabp1
PROT_0989	fabp2
PROT_0990	fabp3
PROT_0991	fabp4
PROT_0992	fabp5
PROT_0993	fabp6
PROT_0994	fabp9
PROT_0995	fadd
PROT_0996	fam13a
PROT_0997	fam171a2
PROT_0998	fam171b
PROT_0999	fam172a
PROT_1000	fam20a
PROT_1001	fam3b
PROT_1002	fam3c
PROT_1003	fam3d
PROT_1004	fap
PROT_1005	farsa
PROT_1006	fas
PROT_1007	faslg
PROT_1008	fbln2
PROT_1009	fbn2
PROT_1010	fbp1
PROT_1011	fcamr
PROT_1012	fcar
PROT_1013	fcer1a
PROT_1014	fcer2
PROT_1015	fcgr2a
PROT_1016	fcgr2b
PROT_1017	fcgr3b
PROT_1018	fcn1
PROT_1019	fcn2
PROT_1020	fcrl1
PROT_1021	fcrl2
PROT_1022	fcrl3
PROT_1023	fcrl5
PROT_1024	fcrl6
PROT_1025	fcrlb
PROT_1026	fdx1
PROT_1027	fdx2
PROT_1028	fen1
PROT_1029	fes
PROT_1030	fetub
PROT_1031	fga
PROT_1032	fgd3
PROT_1033	fgf12
PROT_1034	fgf16
PROT_1035	fgf19
PROT_1036	fgf2
PROT_1037	fgf20
PROT_1038	fgf21
PROT_1039	fgf23
PROT_1040	fgf3
PROT_1041	fgf5
PROT_1042	fgf6
PROT_1043	fgf7
PROT_1044	fgf9
PROT_1045	fgfbp1
PROT_1046	fgfbp2
PROT_1047	fgfbp3
PROT_1048	fgfr2
PROT_1049	fgfr4
PROT_1050	fgl1
PROT_1051	fgr
PROT_1052	fh
PROT_1053	fhip2a
PROT_1054	fhit
PROT_1055	fis1
PROT_1056	fkbp14
PROT_1057	fkbp1b
PROT_1058	fkbp4
PROT_1059	fkbp5
PROT_1060	fkbp7
PROT_1061	fkbpl
PROT_1062	fli1
PROT_1063	flrt2
PROT_1064	flt1
PROT_1065	flt3
PROT_1066	flt3lg
PROT_1067	flt4
PROT_1068	fmnl1
PROT_1069	fmr1
PROT_1070	fn1
PROT_1071	fndc1
PROT_1072	fnta
PROT_1073	folh1
PROT_1074	folr1
PROT_1075	folr2
PROT_1076	folr3
PROT_1077	fos
PROT_1078	fosb
PROT_1079	foxj3
PROT_1080	foxo1
PROT_1081	foxo3
PROT_1082	frmd4b
PROT_1083	frmd7
PROT_1084	frzb
PROT_1085	fshb
PROT_1086	fst
PROT_1087	fstl1
PROT_1088	fstl3
PROT_1089	ftcd
PROT_1090	fuca1
PROT_1091	fuom
PROT_1092	furin
PROT_1093	fus
PROT_1094	fut1
PROT_1095	fut3_fut5
PROT_1096	fut8
PROT_1097	fxn
PROT_1098	fxyd5
PROT_1099	fyb1
PROT_1100	fzd10
PROT_1101	fzd8
PROT_1102	gabarap
PROT_1103	gabarapl1
PROT_1104	gabra4
PROT_1105	gad1
PROT_1106	gad2
PROT_1107	gadd45b
PROT_1108	gadd45gip1
PROT_1109	gage2a
PROT_1110	gal
PROT_1111	galnt10
PROT_1112	galnt2
PROT_1113	galnt3
PROT_1114	galnt5
PROT_1115	galnt7
PROT_1116	gamt
PROT_1117	gapdh
PROT_1118	gart
PROT_1119	gas2
PROT_1120	gas6
PROT_1121	gask1a
PROT_1122	gast
PROT_1123	gata3
PROT_1124	gatd3
PROT_1125	gba
PROT_1126	gbp1
PROT_1127	gbp2
PROT_1128	gbp4
PROT_1129	gbp6
PROT_1130	gc
PROT_1131	gcc1
PROT_1132	gcg
PROT_1133	gchfr
PROT_1134	gclm
PROT_1135	gcnt1
PROT_1136	gdf15
PROT_1137	gdf2
PROT_1138	gdnf
PROT_1139	get3
PROT_1140	gfap
PROT_1141	gfer
PROT_1142	gfod2
PROT_1143	gfra1
PROT_1144	gfra2
PROT_1145	gfra3
PROT_1146	gfral
PROT_1147	gga1
PROT_1148	ggact
PROT_1149	ggct
PROT_1150	ggh
PROT_1151	ggt1
PROT_1152	ggt5
PROT_1153	gh1
PROT_1154	gh2
PROT_1155	ghr
PROT_1156	ghrhr
PROT_1157	ghrl
PROT_1158	gid8
PROT_1159	gigyf2
PROT_1160	gimap7
PROT_1161	gimap8
PROT_1162	gip
PROT_1163	gipc2
PROT_1164	gipc3
PROT_1165	gipr
PROT_1166	git1
PROT_1167	gja8
PROT_1168	gkn1
PROT_1169	gla
PROT_1170	glb1
PROT_1171	gli2
PROT_1172	glo1
PROT_1173	glod4
PROT_1174	glp1r
PROT_1175	glrx
PROT_1176	glrx5
PROT_1177	glt8d2
PROT_1178	glyr1
PROT_1179	gm2a
PROT_1180	gmfg
PROT_1181	gmpr
PROT_1182	gmpr2
PROT_1183	gnas
PROT_1184	gne
PROT_1185	gngt1
PROT_1186	gnly
PROT_1187	gnpda1
PROT_1188	gnpda2
PROT_1189	golga3
PROT_1190	golm2
PROT_1191	gopc
PROT_1192	gorasp2
PROT_1193	got1
PROT_1194	gp1ba
PROT_1195	gp1bb
PROT_1196	gp2
PROT_1197	gp5
PROT_1198	gp6
PROT_1199	gpa33
PROT_1200	gpc1
PROT_1201	gpc5
PROT_1202	gpd1
PROT_1203	gpha2
PROT_1204	gpi
PROT_1205	gpihbp1
PROT_1206	gpkow
PROT_1207	gpnmb
PROT_1208	gpr101
PROT_1209	gpr158
PROT_1210	gpr15l
PROT_1211	gpr37
PROT_1212	gprc5c
PROT_1213	grap2
PROT_1214	grhpr
PROT_1215	grik2
PROT_1216	grin2b
PROT_1217	grk5
PROT_1218	grn
PROT_1219	grp
PROT_1220	grpel1
PROT_1221	grsf1
PROT_1222	gsap
PROT_1223	gsn
PROT_1224	gsr
PROT_1225	gsta1
PROT_1226	gsta3
PROT_1227	gstm4
PROT_1228	gstp1
PROT_1229	gstt2b
PROT_1230	gtf2ird1
PROT_1231	gtpbp2
PROT_1232	guca2a
PROT_1233	gucy2c
PROT_1234	guk1
PROT_1235	gusb
PROT_1236	gys1
PROT_1237	gzma
PROT_1238	gzmb
PROT_1239	gzmh
PROT_1240	h2ap
PROT_1241	hadh
PROT_1242	hagh
PROT_1243	hao1
PROT_1244	hars1
PROT_1245	havcr1
PROT_1246	havcr2
PROT_1247	hbegf
PROT_1248	hbq1
PROT_1249	hbz
PROT_1250	hcg22
PROT_1251	hcls1
PROT_1252	hdac8
PROT_1253	hdac9
PROT_1254	hddc2
PROT_1255	hdgf
PROT_1256	hdgfl2
PROT_1257	hebp1
PROT_1258	heg1
PROT_1259	hepacam2
PROT_1260	heph
PROT_1261	hexim1
PROT_1262	hgf
PROT_1263	hgfac
PROT_1264	hgs
PROT_1265	hhex
PROT_1266	hif1a
PROT_1267	hip1
PROT_1268	hip1r
PROT_1269	hjv
PROT_1270	hk2
PROT_1271	hla_a
PROT_1272	hla_dra
PROT_1273	hla_e
PROT_1274	hmbs
PROT_1275	hmcn2
PROT_1276	hmgcl
PROT_1277	hmgcs1
PROT_1278	hmmr
PROT_1279	hmox1
PROT_1280	hmox2
PROT_1281	hnf1a
PROT_1282	hnmt
PROT_1283	hnrnpk
PROT_1284	hnrnpul1
PROT_1285	hpcal1
PROT_1286	hpgds
PROT_1287	hpse
PROT_1288	hras
PROT_1289	hrc
PROT_1290	hrg
PROT_1291	hs1bp3
PROT_1292	hs3st3b1
PROT_1293	hs6st1
PROT_1294	hs6st2
PROT_1295	hsbp1
PROT_1296	hsd11b1
PROT_1297	hsd17b14
PROT_1298	hsd17b3
PROT_1299	hsdl2
PROT_1300	hsp90b1
PROT_1301	hspa1a
PROT_1302	hspa2
PROT_1303	hspb1
PROT_1304	hspb6
PROT_1305	hspg2
PROT_1306	htr1a
PROT_1307	htr1b
PROT_1308	htra2
PROT_1309	hyal1
PROT_1310	hyou1
PROT_1311	ica1
PROT_1312	icam1
PROT_1313	icam2
PROT_1314	icam3
PROT_1315	icam4
PROT_1316	icam5
PROT_1317	icoslg
PROT_1318	id4
PROT_1319	idi2
PROT_1320	ido1
PROT_1321	ids
PROT_1322	idua
PROT_1323	ifi30
PROT_1324	ifit1
PROT_1325	ifit3
PROT_1326	ifnar1
PROT_1327	ifng
PROT_1328	ifngr1
PROT_1329	ifngr2
PROT_1330	ifnl1
PROT_1331	ifnl2
PROT_1332	ifnlr1
PROT_1333	ifnw1
PROT_1334	ift20
PROT_1335	igbp1
PROT_1336	igdcc3
PROT_1337	igdcc4
PROT_1338	igf1r
PROT_1339	igf2bp3
PROT_1340	igf2r
PROT_1341	igfbp1
PROT_1342	igfbp2
PROT_1343	igfbp3
PROT_1344	igfbp4
PROT_1345	igfbp6
PROT_1346	igfbp7
PROT_1347	igfbpl1
PROT_1348	igfl4
PROT_1349	ighmbp2
PROT_1350	iglc2
PROT_1351	iglon5
PROT_1352	igsf21
PROT_1353	igsf3
PROT_1354	igsf8
PROT_1355	igsf9
PROT_1356	ikbkg
PROT_1357	ikzf2
PROT_1358	il10
PROT_1359	il10ra
PROT_1360	il10rb
PROT_1361	il11
PROT_1362	il12a_il12b
PROT_1363	il12b
PROT_1364	il12rb1
PROT_1365	il12rb2
PROT_1366	il13
PROT_1367	il13ra1
PROT_1368	il13ra2
PROT_1369	il15
PROT_1370	il15ra
PROT_1371	il16
PROT_1372	il17a
PROT_1373	il17c
PROT_1374	il17d
PROT_1375	il17f
PROT_1376	il17ra
PROT_1377	il17rb
PROT_1378	il18
PROT_1379	il18bp
PROT_1380	il18r1
PROT_1381	il18rap
PROT_1382	il19
PROT_1383	il1a
PROT_1384	il1b
PROT_1385	il1r1
PROT_1386	il1r2
PROT_1387	il1rap
PROT_1388	il1rl1
PROT_1389	il1rl2
PROT_1390	il1rn
PROT_1391	il2
PROT_1392	il20
PROT_1393	il20ra
PROT_1394	il20rb
PROT_1395	il21r
PROT_1396	il22
PROT_1397	il22ra1
PROT_1398	il24
PROT_1399	il25
PROT_1400	il2ra
PROT_1401	il2rb
PROT_1402	il2rg
PROT_1403	il3
PROT_1404	il31
PROT_1405	il31ra
PROT_1406	il32
PROT_1407	il33
PROT_1408	il34
PROT_1409	il36a
PROT_1410	il36g
PROT_1411	il3ra
PROT_1412	il4
PROT_1413	il4r
PROT_1414	il5
PROT_1415	il5ra
PROT_1416	il6
PROT_1417	il6r
PROT_1418	il6st
PROT_1419	il7
PROT_1420	il7r
PROT_1421	il9
PROT_1422	ilkap
PROT_1423	immt
PROT_1424	impa1
PROT_1425	impact
PROT_1426	impg1
PROT_1427	ing1
PROT_1428	inhbb
PROT_1429	inhbc
PROT_1430	inpp1
PROT_1431	inpp5d
PROT_1432	inpp5j
PROT_1433	inppl1
PROT_1434	insl3
PROT_1435	insl4
PROT_1436	insl5
PROT_1437	insr
PROT_1438	ipcef1
PROT_1439	iqgap2
PROT_1440	irag2
PROT_1441	irak1
PROT_1442	irak4
PROT_1443	islr2
PROT_1444	ism1
PROT_1445	ism2
PROT_1446	ist1
PROT_1447	itga11
PROT_1448	itga2
PROT_1449	itga5
PROT_1450	itga6
PROT_1451	itgal
PROT_1452	itgam
PROT_1453	itgav
PROT_1454	itgax
PROT_1455	itgb1
PROT_1456	itgb1bp1
PROT_1457	itgb1bp2
PROT_1458	itgb2
PROT_1459	itgb5
PROT_1460	itgb6
PROT_1461	itgb7
PROT_1462	itgbl1
PROT_1463	itih1
PROT_1464	itih3
PROT_1465	itih4
PROT_1466	itih5
PROT_1467	itm2a
PROT_1468	itpa
PROT_1469	itpr1
PROT_1470	itprip
PROT_1471	ivd
PROT_1472	izumo1
PROT_1473	jam2
PROT_1474	jam3
PROT_1475	jchain
PROT_1476	jmjd1c
PROT_1477	jpt2
PROT_1478	jun
PROT_1479	kazald1
PROT_1480	kazn
PROT_1481	kcnc4
PROT_1482	kcnh2
PROT_1483	kcnip4
PROT_1484	kctd5
PROT_1485	kdm3a
PROT_1486	kdr
PROT_1487	kel
PROT_1488	khdc3l
PROT_1489	khk
PROT_1490	kiaa0319
PROT_1491	kiaa1549
PROT_1492	kiaa1549l
PROT_1493	kiaa2013
PROT_1494	kif1c
PROT_1495	kif20b
PROT_1496	kif22
PROT_1497	kifbp
PROT_1498	kir2dl2
PROT_1499	kir2dl3
PROT_1500	kir2ds4
PROT_1501	kir3dl1
PROT_1502	kir3dl2
PROT_1503	kirrel1
PROT_1504	kirrel2
PROT_1505	kit
PROT_1506	kitlg
PROT_1507	klb
PROT_1508	klf4
PROT_1509	klhl41
PROT_1510	klk1
PROT_1511	klk10
PROT_1512	klk11
PROT_1513	klk12
PROT_1514	klk13
PROT_1515	klk14
PROT_1516	klk15
PROT_1517	klk3
PROT_1518	klk4
PROT_1519	klk6
PROT_1520	klk7
PROT_1521	klk8
PROT_1522	klkb1
PROT_1523	klrb1
PROT_1524	klrc1
PROT_1525	klrd1
PROT_1526	klrf1
PROT_1527	klrk1
PROT_1528	krt14
PROT_1529	krt17
PROT_1530	krt18
PROT_1531	krt19
PROT_1532	krt5
PROT_1533	krt6c
PROT_1534	krt8
PROT_1535	kyat1
PROT_1536	kynu
PROT_1537	l1cam
PROT_1538	l3hypdh
PROT_1539	lacrt
PROT_1540	lactb2
PROT_1541	lag3
PROT_1542	lair1
PROT_1543	lair2
PROT_1544	lama1
PROT_1545	lama4
PROT_1546	lamb1
PROT_1547	lamp1
PROT_1548	lamp2
PROT_1549	lamp3
PROT_1550	lamtor5
PROT_1551	lap3
PROT_1552	larp1
PROT_1553	lat
PROT_1554	lat2
PROT_1555	lats1
PROT_1556	layn
PROT_1557	lbp
PROT_1558	lbr
PROT_1559	lcat
PROT_1560	lcn15
PROT_1561	lcn2
PROT_1562	lcp1
PROT_1563	ldlr
PROT_1564	ldlrap1
PROT_1565	lect2
PROT_1566	lefty2
PROT_1567	leg1
PROT_1568	lelp1
PROT_1569	leo1
PROT_1570	lep
PROT_1571	lepr
PROT_1572	letm1
PROT_1573	lgals1
PROT_1574	lgals3
PROT_1575	lgals3bp
PROT_1576	lgals4
PROT_1577	lgals7_lgals7b
PROT_1578	lgals8
PROT_1579	lgals9
PROT_1580	lgmn
PROT_1581	lhb
PROT_1582	lhpp
PROT_1583	lif
PROT_1584	lifr
PROT_1585	lilra2
PROT_1586	lilra3
PROT_1587	lilra4
PROT_1588	lilra5
PROT_1589	lilra6
PROT_1590	lilrb1
PROT_1591	lilrb2
PROT_1592	lilrb4
PROT_1593	lilrb5
PROT_1594	lipf
PROT_1595	lmnb1
PROT_1596	lmnb2
PROT_1597	lmod1
PROT_1598	lmod2
PROT_1599	lonp1
PROT_1600	lpa
PROT_1601	lpcat2
PROT_1602	lpl
PROT_1603	lpo
PROT_1604	lpp
PROT_1605	lrch4
PROT_1606	lrfn2
PROT_1607	lrg1
PROT_1608	lrig1
PROT_1609	lrig3
PROT_1610	lrp1
PROT_1611	lrp11
PROT_1612	lrp2
PROT_1613	lrp2bp
PROT_1614	lrpap1
PROT_1615	lrrc25
PROT_1616	lrrc37a2
PROT_1617	lrrc38
PROT_1618	lrrc59
PROT_1619	lrrfip1
PROT_1620	lrrn1
PROT_1621	lrtm1
PROT_1622	lrtm2
PROT_1623	lsm1
PROT_1624	lsm8
PROT_1625	lsp1
PROT_1626	lta
PROT_1627	lta4h
PROT_1628	ltb
PROT_1629	ltbp2
PROT_1630	ltbp3
PROT_1631	ltbr
PROT_1632	lto1
PROT_1633	luzp2
PROT_1634	lxn
PROT_1635	ly6d
PROT_1636	ly75
PROT_1637	ly9
PROT_1638	ly96
PROT_1639	lyar
PROT_1640	lyn
PROT_1641	lypd1
PROT_1642	lypd3
PROT_1643	lypd8
PROT_1644	lypla2
PROT_1645	lysmd3
PROT_1646	lyve1
PROT_1647	lyzl2
PROT_1648	lztfl1
PROT_1649	m6pr
PROT_1650	mad1l1
PROT_1651	maea
PROT_1652	mag
PROT_1653	magea3
PROT_1654	maged1
PROT_1655	mamdc2
PROT_1656	mamdc4
PROT_1657	man1a2
PROT_1658	man2b2
PROT_1659	maneal
PROT_1660	manf
PROT_1661	mansc1
PROT_1662	mansc4
PROT_1663	map1lc3a
PROT_1664	map1lc3b2
PROT_1665	map2
PROT_1666	map2k1
PROT_1667	map2k6
PROT_1668	map3k5
PROT_1669	map4k5
PROT_1670	mapk13
PROT_1671	mapk9
PROT_1672	mapkapk2
PROT_1673	mapre3
PROT_1674	mapt
PROT_1675	marco
PROT_1676	mars1
PROT_1677	masp1
PROT_1678	matn2
PROT_1679	matn3
PROT_1680	mavs
PROT_1681	max
PROT_1682	mb
PROT_1683	mbl2
PROT_1684	mcam
PROT_1685	mcee
PROT_1686	mcemp1
PROT_1687	mcfd2
PROT_1688	mcts1
PROT_1689	mdga1
PROT_1690	mdh1
PROT_1691	mdk
PROT_1692	mdm1
PROT_1693	mecr
PROT_1694	med18
PROT_1695	med21
PROT_1696	megf10
PROT_1697	megf11
PROT_1698	megf9
PROT_1699	meltf
PROT_1700	ment
PROT_1701	mep1a
PROT_1702	mep1b
PROT_1703	mepe
PROT_1704	mertk
PROT_1705	mesd
PROT_1706	met
PROT_1707	metap1
PROT_1708	metap1d
PROT_1709	metap2
PROT_1710	mfap3
PROT_1711	mfap3l
PROT_1712	mfap4
PROT_1713	mfap5
PROT_1714	mfge8
PROT_1715	mgll
PROT_1716	mgmt
PROT_1717	mia
PROT_1718	micall2
PROT_1719	micb_mica
PROT_1720	mif
PROT_1721	milr1
PROT_1722	mindy1
PROT_1723	mink1
PROT_1724	mitd1
PROT_1725	mki67
PROT_1726	mllt1
PROT_1727	mln
PROT_1728	mme
PROT_1729	mmp1
PROT_1730	mmp10
PROT_1731	mmp12
PROT_1732	mmp13
PROT_1733	mmp15
PROT_1734	mmp3
PROT_1735	mmp7
PROT_1736	mmp8
PROT_1737	mmp9
PROT_1738	mmut
PROT_1739	mn1
PROT_1740	mnat1
PROT_1741	mnda
PROT_1742	mocs2
PROT_1743	mog
PROT_1744	morc3
PROT_1745	morf4l1
PROT_1746	morf4l2
PROT_1747	morn4
PROT_1748	mphosph8
PROT_1749	mpi
PROT_1750	mpig6b
PROT_1751	mpo
PROT_1752	mprip
PROT_1753	mrc1
PROT_1754	mri1
PROT_1755	mrpl24
PROT_1756	mrpl28
PROT_1757	mrpl46
PROT_1758	mrpl52
PROT_1759	mrpl58
PROT_1760	mrps16
PROT_1761	msln
PROT_1762	mslnl
PROT_1763	msmb
PROT_1764	msr1
PROT_1765	msra
PROT_1766	mst1
PROT_1767	mstn
PROT_1768	mtdh
PROT_1769	mthfd2
PROT_1770	mthfsd
PROT_1771	mtif3
PROT_1772	mtpn
PROT_1773	mtr
PROT_1774	mtss1
PROT_1775	mtss2
PROT_1776	mtus1
PROT_1777	muc13
PROT_1778	muc16
PROT_1779	muc2
PROT_1780	mucl3
PROT_1781	mvk
PROT_1782	mxra8
PROT_1783	mybpc1
PROT_1784	mybpc2
PROT_1785	mycbp2
PROT_1786	mydgf
PROT_1787	myh4
PROT_1788	myh7b
PROT_1789	myh9
PROT_1790	myl1
PROT_1791	myl3
PROT_1792	myl4
PROT_1793	myl6b
PROT_1794	mylpf
PROT_1795	myo6
PROT_1796	myo9b
PROT_1797	myoc
PROT_1798	myom1
PROT_1799	myom2
PROT_1800	myom3
PROT_1801	mzb1
PROT_1802	mzt1
PROT_1803	naa10
PROT_1804	naa80
PROT_1805	naaa
PROT_1806	nacc1
PROT_1807	nadk
PROT_1808	naga
PROT_1809	nagk
PROT_1810	nagpa
PROT_1811	nampt
PROT_1812	nap1l4
PROT_1813	naprt
PROT_1814	nars1
PROT_1815	nbl1
PROT_1816	nbn
PROT_1817	ncam1
PROT_1818	ncam2
PROT_1819	ncan
PROT_1820	ncf2
PROT_1821	nck2
PROT_1822	ncln
PROT_1823	ncr1
PROT_1824	ncr3lg1
PROT_1825	ncs1
PROT_1826	ndrg1
PROT_1827	ndst1
PROT_1828	ndufa5
PROT_1829	ndufb7
PROT_1830	ndufs6
PROT_1831	neb
PROT_1832	necap2
PROT_1833	nectin1
PROT_1834	nectin2
PROT_1835	nectin4
PROT_1836	nedd4l
PROT_1837	nedd9
PROT_1838	nefl
PROT_1839	nek7
PROT_1840	nell1
PROT_1841	nell2
PROT_1842	nenf
PROT_1843	neo1
PROT_1844	nexn
PROT_1845	nfasc
PROT_1846	nfat5
PROT_1847	nfatc1
PROT_1848	nfatc3
PROT_1849	nfe2
PROT_1850	nfic
PROT_1851	nfkb1
PROT_1852	nfkb2
PROT_1853	nfkbie
PROT_1854	nfu1
PROT_1855	nfx1
PROT_1856	nfya
PROT_1857	ngf
PROT_1858	ngfr
PROT_1859	ngrn
PROT_1860	nhlrc3
PROT_1861	nid1
PROT_1862	nid2
PROT_1863	ninj1
PROT_1864	nit1
PROT_1865	nit2
PROT_1866	nlgn1
PROT_1867	nlgn2
PROT_1868	nme1
PROT_1869	nme3
PROT_1870	nmi
PROT_1871	nmnat1
PROT_1872	nmrk2
PROT_1873	nmt1
PROT_1874	nomo1
PROT_1875	nop56
PROT_1876	nos1
PROT_1877	nos2
PROT_1878	nos3
PROT_1879	notch1
PROT_1880	notch2
PROT_1881	notch3
PROT_1882	npc2
PROT_1883	npdc1
PROT_1884	nphs1
PROT_1885	nphs2
PROT_1886	npl
PROT_1887	nppb
PROT_1888	nppc
PROT_1889	npr1
PROT_1890	nptn
PROT_1891	nptx1
PROT_1892	nptx2
PROT_1893	nptxr
PROT_1894	npy
PROT_1895	nrcam
PROT_1896	nrgn
PROT_1897	nrn1
PROT_1898	nrp1
PROT_1899	nrp2
PROT_1900	nrtn
PROT_1901	nrxn3
PROT_1902	nsfl1c
PROT_1903	nt5c
PROT_1904	nt5c1a
PROT_1905	nt5c3a
PROT_1906	nt5e
PROT_1907	ntf3
PROT_1908	ntf4
PROT_1909	ntprobnp
PROT_1910	ntrk2
PROT_1911	ntrk3
PROT_1912	nub1
PROT_1913	nubp1
PROT_1914	nucb2
PROT_1915	nudc
PROT_1916	nudt10
PROT_1917	nudt15
PROT_1918	nudt16
PROT_1919	nudt2
PROT_1920	nudt5
PROT_1921	numb
PROT_1922	nup50
PROT_1923	nxpe4
PROT_1924	nxph1
PROT_1925	nxph3
PROT_1926	obp2b
PROT_1927	ocln
PROT_1928	odam
PROT_1929	ofd1
PROT_1930	oga
PROT_1931	ogfr
PROT_1932	ogn
PROT_1933	ogt
PROT_1934	olfm4
PROT_1935	olr1
PROT_1936	omd
PROT_1937	omg
PROT_1938	omp
PROT_1939	ophn1
PROT_1940	oplah
PROT_1941	optc
PROT_1942	orm1
PROT_1943	osbpl2
PROT_1944	oscar
PROT_1945	osm
PROT_1946	osmr
PROT_1947	ostn
PROT_1948	otoa
PROT_1949	otud6b
PROT_1950	otud7b
PROT_1951	oxct1
PROT_1952	oxt
PROT_1953	p4hb
PROT_1954	pacs2
PROT_1955	padi2
PROT_1956	padi4
PROT_1957	paep
PROT_1958	pafah1b3
PROT_1959	pafah2
PROT_1960	pag1
PROT_1961	pagr1
PROT_1962	paip2b
PROT_1963	pak4
PROT_1964	palld
PROT_1965	palm
PROT_1966	palm2
PROT_1967	palm3
PROT_1968	pam
PROT_1969	pamr1
PROT_1970	pappa
PROT_1971	pard3
PROT_1972	park7
PROT_1973	parp1
PROT_1974	paxx
PROT_1975	pbk
PROT_1976	pbld
PROT_1977	pbxip1
PROT_1978	pcare
PROT_1979	pcbd1
PROT_1980	pcbp2
PROT_1981	pcdh1
PROT_1982	pcdh12
PROT_1983	pcdh17
PROT_1984	pcdh7
PROT_1985	pcdh9
PROT_1986	pcdhb15
PROT_1987	pcna
PROT_1988	pcsk7
PROT_1989	pcsk9
PROT_1990	pcyt2
PROT_1991	pdap1
PROT_1992	pdcd1
PROT_1993	pdcd1lg2
PROT_1994	pdcd5
PROT_1995	pdcd6
PROT_1996	pdcl2
PROT_1997	pde1c
PROT_1998	pde4d
PROT_1999	pde5a
PROT_2000	pdgfa
PROT_2001	pdgfb
PROT_2002	pdgfc
PROT_2003	pdgfra
PROT_2004	pdgfrb
PROT_2005	pdia2
PROT_2006	pdia3
PROT_2007	pdia4
PROT_2008	pdia5
PROT_2009	pdlim5
PROT_2010	pdlim7
PROT_2011	pdp1
PROT_2012	pdrg1
PROT_2013	pdxdc1
PROT_2014	pdzd2
PROT_2015	pdzk1
PROT_2016	pear1
PROT_2017	pebp1
PROT_2018	pecam1
PROT_2019	pecr
PROT_2020	penk
PROT_2021	pepd
PROT_2022	per3
PROT_2023	pf4
PROT_2024	pfdn2
PROT_2025	pfdn4
PROT_2026	pfdn6
PROT_2027	pfkfb2
PROT_2028	pga4
PROT_2029	pgd
PROT_2030	pgf
PROT_2031	pglyrp1
PROT_2032	pglyrp2
PROT_2033	pglyrp4
PROT_2034	pgm2
PROT_2035	pgr
PROT_2036	phactr2
PROT_2037	phldb1
PROT_2038	phldb2
PROT_2039	phospho1
PROT_2040	phykpl
PROT_2041	pi16
PROT_2042	pi3
PROT_2043	pibf1
PROT_2044	pigr
PROT_2045	pik3ap1
PROT_2046	pik3ip1
PROT_2047	pikfyve
PROT_2048	pilra
PROT_2049	pilrb
PROT_2050	pinlyp
PROT_2051	pithd1
PROT_2052	pkd1
PROT_2053	pkd2
PROT_2054	pklr
PROT_2055	pkn3
PROT_2056	pla2g10
PROT_2057	pla2g15
PROT_2058	pla2g1b
PROT_2059	pla2g2a
PROT_2060	pla2g4a
PROT_2061	pla2g7
PROT_2062	plat
PROT_2063	plau
PROT_2064	plaur
PROT_2065	plb1
PROT_2066	plcb1
PROT_2067	plcb2
PROT_2068	plekho1
PROT_2069	plg
PROT_2070	plin1
PROT_2071	plin3
PROT_2072	plpbp
PROT_2073	plscr3
PROT_2074	pltp
PROT_2075	plxdc1
PROT_2076	plxdc2
PROT_2077	plxna4
PROT_2078	plxnb2
PROT_2079	plxnb3
PROT_2080	pm20d1
PROT_2081	pmch
PROT_2082	pmm2
PROT_2083	pms1
PROT_2084	pmvk
PROT_2085	pnlip
PROT_2086	pnliprp1
PROT_2087	pnliprp2
PROT_2088	pnma1
PROT_2089	pnma2
PROT_2090	pnpt1
PROT_2091	podxl
PROT_2092	podxl2
PROT_2093	pof1b
PROT_2094	polr2a
PROT_2095	polr2f
PROT_2096	pomc
PROT_2097	pon1
PROT_2098	pon2
PROT_2099	pon3
PROT_2100	postn
PROT_2101	ppbp
PROT_2102	ppcdc
PROT_2103	ppib
PROT_2104	ppie
PROT_2105	ppif
PROT_2106	ppl
PROT_2107	ppm1a
PROT_2108	ppm1b
PROT_2109	ppm1f
PROT_2110	ppme1
PROT_2111	ppp1cc
PROT_2112	ppp1r12a
PROT_2113	ppp1r12b
PROT_2114	ppp1r14a
PROT_2115	ppp1r14d
PROT_2116	ppp1r2
PROT_2117	ppp1r9b
PROT_2118	ppp2r5a
PROT_2119	ppp3r1
PROT_2120	ppt1
PROT_2121	ppy
PROT_2122	pqbp1
PROT_2123	prame
PROT_2124	prap1
PROT_2125	prc1
PROT_2126	prcp
PROT_2127	prdx1
PROT_2128	prdx2
PROT_2129	prdx3
PROT_2130	prdx5
PROT_2131	prdx6
PROT_2132	preb
PROT_2133	prelp
PROT_2134	prg2
PROT_2135	prg3
PROT_2136	prkab1
PROT_2137	prkag3
PROT_2138	prkar1a
PROT_2139	prkar2a
PROT_2140	prkcq
PROT_2141	prkd2
PROT_2142	prkg1
PROT_2143	prkra
PROT_2144	prl
PROT_2145	prnd
PROT_2146	proc
PROT_2147	procr
PROT_2148	prok1
PROT_2149	pros1
PROT_2150	prr4
PROT_2151	prr5
PROT_2152	prrt3
PROT_2153	prss2
PROT_2154	prss22
PROT_2155	prss27
PROT_2156	prss53
PROT_2157	prss8
PROT_2158	prtfdc1
PROT_2159	prtg
PROT_2160	prtn3
PROT_2161	prune2
PROT_2162	psap
PROT_2163	psapl1
PROT_2164	psca
PROT_2165	psg1
PROT_2166	psip1
PROT_2167	psma1
PROT_2168	psmc3
PROT_2169	psmd1
PROT_2170	psmd5
PROT_2171	psmd9
PROT_2172	psme1
PROT_2173	psme2
PROT_2174	psmg3
PROT_2175	psmg4
PROT_2176	pspn
PROT_2177	psrc1
PROT_2178	pstpip2
PROT_2179	pten
PROT_2180	ptgds
PROT_2181	ptges2
PROT_2182	ptgr1
PROT_2183	pth
PROT_2184	pth1r
PROT_2185	ptk7
PROT_2186	ptn
PROT_2187	ptp4a3
PROT_2188	ptpn1
PROT_2189	ptpn6
PROT_2190	ptpn9
PROT_2191	ptprb
PROT_2192	ptprc
PROT_2193	ptprf
PROT_2194	ptprh
PROT_2195	ptprk
PROT_2196	ptprm
PROT_2197	ptprn2
PROT_2198	ptprr
PROT_2199	ptprs
PROT_2200	ptprz1
PROT_2201	ptrhd1
PROT_2202	pts
PROT_2203	pttg1
PROT_2204	ptx3
PROT_2205	pvalb
PROT_2206	pvr
PROT_2207	pxdnl
PROT_2208	pxn
PROT_2209	pydc1
PROT_2210	pyy
PROT_2211	pzp
PROT_2212	qdpr
PROT_2213	qpct
PROT_2214	qsox1
PROT_2215	rab10
PROT_2216	rab11fip3
PROT_2217	rab27b
PROT_2218	rab2b
PROT_2219	rab33a
PROT_2220	rab37
PROT_2221	rab39b
PROT_2222	rab3gap1
PROT_2223	rab44
PROT_2224	rab6a
PROT_2225	rab6b
PROT_2226	rabep1
PROT_2227	rabepk
PROT_2228	rabgap1l
PROT_2229	rac3
PROT_2230	rad23b
PROT_2231	rad51
PROT_2232	ralb
PROT_2233	raly
PROT_2234	ranbp1
PROT_2235	ranbp2
PROT_2236	rangap1
PROT_2237	rap1a
PROT_2238	rapgef2
PROT_2239	rarres1
PROT_2240	rarres2
PROT_2241	rasa1
PROT_2242	rasgrf1
PROT_2243	rassf2
PROT_2244	rbfox3
PROT_2245	rbks
PROT_2246	rbm17
PROT_2247	rbm19
PROT_2248	rbm25
PROT_2249	rbp1
PROT_2250	rbp2
PROT_2251	rbp5
PROT_2252	rbp7
PROT_2253	rbpms
PROT_2254	rbpms2
PROT_2255	rcc1
PROT_2256	rcor1
PROT_2257	reck
PROT_2258	reep4
PROT_2259	reg1a
PROT_2260	reg1b
PROT_2261	reg3a
PROT_2262	reg3g
PROT_2263	reg4
PROT_2264	relb
PROT_2265	relt
PROT_2266	ren
PROT_2267	reps1
PROT_2268	rest
PROT_2269	ret
PROT_2270	retn
PROT_2271	rexo2
PROT_2272	rfc4
PROT_2273	rgcc
PROT_2274	rgl2
PROT_2275	rgma
PROT_2276	rgmb
PROT_2277	rgs10
PROT_2278	rgs8
PROT_2279	rhoc
PROT_2280	rictor
PROT_2281	rida
PROT_2282	rilp
PROT_2283	rilpl2
PROT_2284	ripk4
PROT_2285	rln1
PROT_2286	rln2
PROT_2287	rnase1
PROT_2288	rnase10
PROT_2289	rnase3
PROT_2290	rnase4
PROT_2291	rnase6
PROT_2292	rnaseh2a
PROT_2293	rnaset2
PROT_2294	rnf149
PROT_2295	rnf168
PROT_2296	rnf31
PROT_2297	rnf4
PROT_2298	rnf41
PROT_2299	rnf43
PROT_2300	rnf5
PROT_2301	robo1
PROT_2302	robo2
PROT_2303	robo4
PROT_2304	ror1
PROT_2305	rp2
PROT_2306	rpa2
PROT_2307	rpe
PROT_2308	rpgr
PROT_2309	rpl14
PROT_2310	rps10
PROT_2311	rras
PROT_2312	rrm2
PROT_2313	rrm2b
PROT_2314	rrp15
PROT_2315	rspo1
PROT_2316	rspo3
PROT_2317	rtbdn
PROT_2318	rtkn2
PROT_2319	rtn4ip1
PROT_2320	rtn4r
PROT_2321	ruvbl1
PROT_2322	rwdd1
PROT_2323	ryr1
PROT_2324	s100a11
PROT_2325	s100a12
PROT_2326	s100a13
PROT_2327	s100a14
PROT_2328	s100a16
PROT_2329	s100a3
PROT_2330	s100a4
PROT_2331	s100g
PROT_2332	s100p
PROT_2333	saa4
PROT_2334	safb2
PROT_2335	sag
PROT_2336	samd9l
PROT_2337	sap18
PROT_2338	sarg
PROT_2339	sart1
PROT_2340	sat1
PROT_2341	sat2
PROT_2342	satb1
PROT_2343	sbsn
PROT_2344	scamp3
PROT_2345	scara5
PROT_2346	scarb1
PROT_2347	scarb2
PROT_2348	scarf1
PROT_2349	scarf2
PROT_2350	scg2
PROT_2351	scg3
PROT_2352	scgb1a1
PROT_2353	scgb2a2
PROT_2354	scgb3a1
PROT_2355	scgb3a2
PROT_2356	scgn
PROT_2357	scin
PROT_2358	scly
PROT_2359	scn2a
PROT_2360	scn2b
PROT_2361	scn3a
PROT_2362	scn3b
PROT_2363	scn4b
PROT_2364	scp2
PROT_2365	scpep1
PROT_2366	scrg1
PROT_2367	scrib
PROT_2368	scrn1
PROT_2369	sct
PROT_2370	sdc1
PROT_2371	sdc4
PROT_2372	sdccag8
PROT_2373	sdhb
PROT_2374	sdk2
PROT_2375	sec31a
PROT_2376	sel1l
PROT_2377	sele
PROT_2378	selenop
PROT_2379	sell
PROT_2380	selp
PROT_2381	selplg
PROT_2382	sema3f
PROT_2383	sema3g
PROT_2384	sema4c
PROT_2385	sema4d
PROT_2386	sema6c
PROT_2387	sema7a
PROT_2388	septin3
PROT_2389	septin7
PROT_2390	septin8
PROT_2391	septin9
PROT_2392	serpina1
PROT_2393	serpina11
PROT_2394	serpina12
PROT_2395	serpina3
PROT_2396	serpina4
PROT_2397	serpina5
PROT_2398	serpina6
PROT_2399	serpina7
PROT_2400	serpina9
PROT_2401	serpinb1
PROT_2402	serpinb5
PROT_2403	serpinb6
PROT_2404	serpinb8
PROT_2405	serpinb9
PROT_2406	serpinc1
PROT_2407	serpind1
PROT_2408	serpine1
PROT_2409	serpine2
PROT_2410	serpinf1
PROT_2411	serpinf2
PROT_2412	serping1
PROT_2413	serpinh1
PROT_2414	serpini1
PROT_2415	serpini2
PROT_2416	sestd1
PROT_2417	setmar
PROT_2418	sez6
PROT_2419	sez6l
PROT_2420	sez6l2
PROT_2421	sf3b4
PROT_2422	sfrp1
PROT_2423	sfrp4
PROT_2424	sftpa1
PROT_2425	sftpa2
PROT_2426	sftpd
PROT_2427	sgsh
PROT_2428	sh2b3
PROT_2429	sh2d1a
PROT_2430	sh3bgrl2
PROT_2431	sh3bp1
PROT_2432	sh3gl3
PROT_2433	sh3glb2
PROT_2434	shbg
PROT_2435	shc1
PROT_2436	shd
PROT_2437	shh
PROT_2438	shisa5
PROT_2439	shmt1
PROT_2440	shpk
PROT_2441	siae
PROT_2442	siglec1
PROT_2443	siglec10
PROT_2444	siglec15
PROT_2445	siglec5
PROT_2446	siglec6
PROT_2447	siglec7
PROT_2448	siglec8
PROT_2449	siglec9
PROT_2450	sil1
PROT_2451	sirpa
PROT_2452	sirpb1
PROT_2453	sirt1
PROT_2454	sirt2
PROT_2455	sirt5
PROT_2456	sit1
PROT_2457	skap1
PROT_2458	skap2
PROT_2459	skiv2l
PROT_2460	sla2
PROT_2461	slamf1
PROT_2462	slamf6
PROT_2463	slamf7
PROT_2464	slamf8
PROT_2465	slc12a2
PROT_2466	slc13a1
PROT_2467	slc16a1
PROT_2468	slc1a4
PROT_2469	slc27a4
PROT_2470	slc28a1
PROT_2471	slc34a3
PROT_2472	slc39a14
PROT_2473	slc39a5
PROT_2474	slc44a4
PROT_2475	slc4a1
PROT_2476	slc51b
PROT_2477	slc9a3r1
PROT_2478	slc9a3r2
PROT_2479	slirp
PROT_2480	slit2
PROT_2481	slitrk1
PROT_2482	slitrk2
PROT_2483	slitrk6
PROT_2484	slk
PROT_2485	slmap
PROT_2486	slurp1
PROT_2487	smad1
PROT_2488	smad2
PROT_2489	smad3
PROT_2490	smad5
PROT_2491	smarca2
PROT_2492	smc3
PROT_2493	smndc1
PROT_2494	smoc1
PROT_2495	smoc2
PROT_2496	smpd1
PROT_2497	smpd3
PROT_2498	smpdl3a
PROT_2499	smpdl3b
PROT_2500	sms
PROT_2501	smtn
PROT_2502	snap23
PROT_2503	snap25
PROT_2504	snap29
PROT_2505	snapin
PROT_2506	snca
PROT_2507	sncg
PROT_2508	sned1
PROT_2509	snrpb2
PROT_2510	snu13
PROT_2511	snx15
PROT_2512	snx18
PROT_2513	snx2
PROT_2514	snx5
PROT_2515	snx9
PROT_2516	sod1
PROT_2517	sod2
PROT_2518	sod3
PROT_2519	sorbs1
PROT_2520	sorcs2
PROT_2521	sord
PROT_2522	sort1
PROT_2523	sost
PROT_2524	sowaha
PROT_2525	sox2
PROT_2526	sox9
PROT_2527	spaca5_spaca5b
PROT_2528	spag1
PROT_2529	sparc
PROT_2530	sparcl1
PROT_2531	spart
PROT_2532	spesp1
PROT_2533	spink1
PROT_2534	spink2
PROT_2535	spink4
PROT_2536	spink5
PROT_2537	spink6
PROT_2538	spink8
PROT_2539	spint1
PROT_2540	spint2
PROT_2541	spint3
PROT_2542	spock1
PROT_2543	spon1
PROT_2544	spon2
PROT_2545	spp1
PROT_2546	spred2
PROT_2547	spring1
PROT_2548	sprr1b
PROT_2549	sprr3
PROT_2550	spry2
PROT_2551	sptbn2
PROT_2552	sptlc1
PROT_2553	src
PROT_2554	srp14
PROT_2555	srpk2
PROT_2556	srpx
PROT_2557	ssb
PROT_2558	ssbp1
PROT_2559	ssc4d
PROT_2560	ssc5d
PROT_2561	ssh3
PROT_2562	ssna1
PROT_2563	st13
PROT_2564	st3gal1
PROT_2565	st6gal1
PROT_2566	st8sia1
PROT_2567	stab2
PROT_2568	stam
PROT_2569	stambp
PROT_2570	stat2
PROT_2571	stat5b
PROT_2572	stau1
PROT_2573	stc1
PROT_2574	stc2
PROT_2575	steap4
PROT_2576	stip1
PROT_2577	stk11
PROT_2578	stk24
PROT_2579	stk4
PROT_2580	stoml2
PROT_2581	stx16
PROT_2582	stx1b
PROT_2583	stx3
PROT_2584	stx4
PROT_2585	stx5
PROT_2586	stx6
PROT_2587	stx7
PROT_2588	stx8
PROT_2589	stxbp1
PROT_2590	stxbp3
PROT_2591	sugp1
PROT_2592	sugt1
PROT_2593	sult1a1
PROT_2594	sult2a1
PROT_2595	sumf1
PROT_2596	sumf2
PROT_2597	suox
PROT_2598	susd1
PROT_2599	susd2
PROT_2600	susd4
PROT_2601	susd5
PROT_2602	sv2a
PROT_2603	swap70
PROT_2604	syap1
PROT_2605	syngap1
PROT_2606	syt1
PROT_2607	sytl4
PROT_2608	tab2
PROT_2609	tacc3
PROT_2610	tacstd2
PROT_2611	tada3
PROT_2612	tafa5
PROT_2613	tagln3
PROT_2614	taldo1
PROT_2615	tank
PROT_2616	tap1
PROT_2617	tarbp2
PROT_2618	tarm1
PROT_2619	tars1
PROT_2620	tax1bp1
PROT_2621	tbc1d17
PROT_2622	tbc1d23
PROT_2623	tbc1d5
PROT_2624	tbca
PROT_2625	tbcb
PROT_2626	tbcc
PROT_2627	tbl1x
PROT_2628	tbr1
PROT_2629	tcl1a
PROT_2630	tcl1b
PROT_2631	tcn1
PROT_2632	tcn2
PROT_2633	tcof1
PROT_2634	tcp11
PROT_2635	tctn3
PROT_2636	tdgf1
PROT_2637	tdo2
PROT_2638	tdp1
PROT_2639	tdrkh
PROT_2640	tef
PROT_2641	tek
PROT_2642	terf1
PROT_2643	tet2
PROT_2644	tex101
PROT_2645	tex33
PROT_2646	tf
PROT_2647	tfap2a
PROT_2648	tff1
PROT_2649	tff2
PROT_2650	tff3
PROT_2651	tfpi
PROT_2652	tfpi2
PROT_2653	tfrc
PROT_2654	tg
PROT_2655	tgfa
PROT_2656	tgfb1
PROT_2657	tgfb2
PROT_2658	tgfbi
PROT_2659	tgfbr1
PROT_2660	tgfbr2
PROT_2661	tgfbr3
PROT_2662	tgm2
PROT_2663	tgoln2
PROT_2664	thap12
PROT_2665	thbd
PROT_2666	thbs2
PROT_2667	thbs4
PROT_2668	thop1
PROT_2669	thpo
PROT_2670	thrap3
PROT_2671	thsd1
PROT_2672	thtpa
PROT_2673	thy1
PROT_2674	tia1
PROT_2675	tie1
PROT_2676	tigar
PROT_2677	tigit
PROT_2678	timd4
PROT_2679	timm10
PROT_2680	timm8a
PROT_2681	timp1
PROT_2682	timp2
PROT_2683	timp3
PROT_2684	timp4
PROT_2685	tinagl1
PROT_2686	tjap1
PROT_2687	tjp3
PROT_2688	tk1
PROT_2689	tlr1
PROT_2690	tlr2
PROT_2691	tlr3
PROT_2692	tlr4
PROT_2693	tmco5a
PROT_2694	tmed1
PROT_2695	tmed10
PROT_2696	tmed4
PROT_2697	tmed8
PROT_2698	tmem106a
PROT_2699	tmem132a
PROT_2700	tmem25
PROT_2701	tmod4
PROT_2702	tmprss11b
PROT_2703	tmprss11d
PROT_2704	tmprss15
PROT_2705	tmprss5
PROT_2706	tmsb10
PROT_2707	tnc
PROT_2708	tnf
PROT_2709	tnfaip2
PROT_2710	tnfaip8
PROT_2711	tnfaip8l2
PROT_2712	tnfrsf10a
PROT_2713	tnfrsf10b
PROT_2714	tnfrsf10c
PROT_2715	tnfrsf11a
PROT_2716	tnfrsf11b
PROT_2717	tnfrsf12a
PROT_2718	tnfrsf13b
PROT_2719	tnfrsf13c
PROT_2720	tnfrsf14
PROT_2721	tnfrsf17
PROT_2722	tnfrsf19
PROT_2723	tnfrsf1a
PROT_2724	tnfrsf1b
PROT_2725	tnfrsf21
PROT_2726	tnfrsf4
PROT_2727	tnfrsf6b
PROT_2728	tnfrsf8
PROT_2729	tnfrsf9
PROT_2730	tnfsf10
PROT_2731	tnfsf11
PROT_2732	tnfsf12
PROT_2733	tnfsf13
PROT_2734	tnfsf13b
PROT_2735	tnfsf14
PROT_2736	tnfsf8
PROT_2737	tnip1
PROT_2738	tnn
PROT_2739	tnni3
PROT_2740	tnpo1
PROT_2741	tnr
PROT_2742	tnxb
PROT_2743	tomm20
PROT_2744	top1
PROT_2745	top1mt
PROT_2746	top2b
PROT_2747	tor1aip1
PROT_2748	tp53
PROT_2749	tp53bp1
PROT_2750	tp53i3
PROT_2751	tp53inp1
PROT_2752	tp73
PROT_2753	tpbgl
PROT_2754	tpd52l2
PROT_2755	tpk1
PROT_2756	tpm3
PROT_2757	tpmt
PROT_2758	tpp1
PROT_2759	tppp2
PROT_2760	tppp3
PROT_2761	tpr
PROT_2762	tprkb
PROT_2763	tpsab1
PROT_2764	tpsd1
PROT_2765	tpsg1
PROT_2766	tpt1
PROT_2767	traf2
PROT_2768	traf3
PROT_2769	traf3ip2
PROT_2770	trdmt1
PROT_2771	treh
PROT_2772	trem2
PROT_2773	treml1
PROT_2774	treml2
PROT_2775	triap1
PROT_2776	trim21
PROT_2777	trim24
PROT_2778	trim25
PROT_2779	trim26
PROT_2780	trim40
PROT_2781	trim5
PROT_2782	trim58
PROT_2783	trpv3
PROT_2784	tsc1
PROT_2785	tsc22d1
PROT_2786	tshb
PROT_2787	tslp
PROT_2788	tsnax
PROT_2789	tspan1
PROT_2790	tspan15
PROT_2791	tspan7
PROT_2792	tspan8
PROT_2793	tspyl1
PROT_2794	tst
PROT_2795	ttf2
PROT_2796	ttn
PROT_2797	ttr
PROT_2798	tubb3
PROT_2799	twf2
PROT_2800	txk
PROT_2801	txlna
PROT_2802	txn
PROT_2803	txndc15
PROT_2804	txndc5
PROT_2805	txndc9
PROT_2806	txnl1
PROT_2807	txnrd1
PROT_2808	tymp
PROT_2809	tyro3
PROT_2810	tyrp1
PROT_2811	ubac1
PROT_2812	ube2b
PROT_2813	ube2l6
PROT_2814	ube2z
PROT_2815	ubqln3
PROT_2816	ubxn1
PROT_2817	ufd1
PROT_2818	ugdh
PROT_2819	uhrf2
PROT_2820	ulbp2
PROT_2821	umod
PROT_2822	unc5d
PROT_2823	unc79
PROT_2824	ung
PROT_2825	upb1
PROT_2826	upk3a
PROT_2827	upk3bl1
PROT_2828	urod
PROT_2829	uros
PROT_2830	uso1
PROT_2831	usp25
PROT_2832	usp28
PROT_2833	usp47
PROT_2834	usp8
PROT_2835	uxs1
PROT_2836	vamp5
PROT_2837	vamp8
PROT_2838	vash1
PROT_2839	vasn
PROT_2840	vasp
PROT_2841	vat1
PROT_2842	vav3
PROT_2843	vcam1
PROT_2844	vcan
PROT_2845	vcpkmt
PROT_2846	vegfa
PROT_2847	vegfb
PROT_2848	vegfc
PROT_2849	vegfd
PROT_2850	vgf
PROT_2851	vim
PROT_2852	vipr1
PROT_2853	vit
PROT_2854	vmo1
PROT_2855	vnn1
PROT_2856	vnn2
PROT_2857	vps28
PROT_2858	vps37a
PROT_2859	vps4b
PROT_2860	vps53
PROT_2861	vsig10
PROT_2862	vsig10l
PROT_2863	vsig2
PROT_2864	vsig4
PROT_2865	vsir
PROT_2866	vsnl1
PROT_2867	vstm1
PROT_2868	vstm2b
PROT_2869	vstm2l
PROT_2870	vta1
PROT_2871	vtcn1
PROT_2872	vti1a
PROT_2873	vwa1
PROT_2874	vwa5a
PROT_2875	vwc2
PROT_2876	vwc2l
PROT_2877	vwf
PROT_2878	wars
PROT_2879	was
PROT_2880	wasf1
PROT_2881	wasf3
PROT_2882	washc3
PROT_2883	wasl
PROT_2884	wdr46
PROT_2885	wfdc1
PROT_2886	wfdc12
PROT_2887	wfdc2
PROT_2888	wfikkn1
PROT_2889	wfikkn2
PROT_2890	wif1
PROT_2891	wnt9a
PROT_2892	wwp2
PROT_2893	xcl1
PROT_2894	xg
PROT_2895	xiap
PROT_2896	xpnpep2
PROT_2897	xrcc4
PROT_2898	yap1
PROT_2899	yars1
PROT_2900	yes1
PROT_2901	yju2
PROT_2902	yod1
PROT_2903	ythdf3
PROT_2904	ywhaq
PROT_2905	yy1
PROT_2906	zbp1
PROT_2907	zbtb16
PROT_2908	zbtb17
PROT_2909	zcchc8
PROT_2910	zfyve19
PROT_2911	zhx2
PROT_2912	znf174
PROT_2913	znf75d
PROT_2914	znf830
PROT_2915	znrd2
PROT_2916	znrf4
PROT_2917	zp3
PROT_2918	zp4
PROT_2919	zpr1
